sample,Enterotype,study,sex
00077E7AB3_S1093_L003,enterotype__1,MI,M
00077E7BC8_S805_L003,enterotype__1,NY,F
00077E791A_S839_L003,enterotype__2,NY,M
00077EA12B_S963_L003,enterotype__2,NY,F
00077E9C7A_S932_L003,enterotype__1,NY,F
00077EAD05_S491_L002,enterotype__2,MI,M
00077E9940_S595_L002,enterotype__2,MI,M
00077E99B3_S1144_L003,enterotype__2,MI,M
00077EAE30_S430_L002,enterotype__1,MI,F
00077E9C45_S661_L002,enterotype__1,NY,M
00077E9AA0_S249_L001,enterotype__2,NY,F
00077E79FF_S743_L002,enterotype__1,MI,M
00077E91A0_S459_L002,enterotype__2,NY,F
00077E8EC4_S133_L001,enterotype__1,NY,F
00077E98A5_S468_L002,enterotype__2,NY,F
00077E816A_S471_L002,enterotype__1,MI,F
00077E9BA1_S1030_L003,enterotype__2,NY,F
00077E78F0_S1116_L003,enterotype__1,MI,M
00077E7951_S709_L002,enterotype__2,NY,F
00077E8E91_S713_L002,enterotype__1,MI,F
00077E9B50_S679_L002,enterotype__2,MI,F
00077E9C10_S206_L001,enterotype__1,MI,F
00077E9A95_S984_L003,enterotype__1,NY,F
00077E83BD_S552_L002,enterotype__2,MI,F
00077E9958_S385_L002,enterotype__1,MI,F
00077E7C7A_S1058_L003,enterotype__2,MI,F
00077E8E69_S494_L002,enterotype__2,MI,M
00077E7D23_S219_L001,enterotype__2,MI,M
00077E9C54_S381_L001,enterotype__1,NY,M
00077E9ADF_S11_L001,enterotype__2,MI,F
00077E840C_S645_L002,enterotype__2,MI,F
00077E82B7_S158_L001,enterotype__1,MI,M
00077E9987_S748_L002,enterotype__1,NY,F
00077E9609_S1115_L003,enterotype__2,NY,M
00077E83DD_S944_L003,enterotype__1,MI,F
00077E8D0C_S347_L001,enterotype__2,NY,F
00077E9B17_S128_L001,enterotype__2,NY,F
00077E9960_S277_L001,enterotype__1,NY,F
00077E7D0B_S305_L001,enterotype__1,MI,M
00077E9909_S387_L002,enterotype__1,NY,F
00077E7B3D_S55_L001,enterotype__2,MI,M
00077E95F4_S978_L003,enterotype__2,NY,F
00077E9056_S14_L001,enterotype__1,NY,M
00077E9AD2_S521_L002,enterotype__2,MI,F
00077E8D4E_S741_L002,enterotype__1,NY,M
00077E9603_S544_L002,enterotype__1,NY,M
00077EA2B8_S693_L002,enterotype__1,MI,M
00077E9B62_S65_L001,enterotype__2,NY,F
00077E8B85_S497_L002,enterotype__2,NY,M
00077E9E8F_S478_L002,enterotype__2,MI,M
00077E995E_S455_L002,enterotype__1,NY,M
00077E9998_S550_L002,enterotype__2,MI,F
00077E96BD_S53_L001,enterotype__1,NY,M
00077E9A08_S773_L003,enterotype__2,NY,M
00077E977A_S17_L001,enterotype__2,MI,F
00077E90B3_S939_L003,enterotype__1,NY,M
00077E9C30_S310_L001,enterotype__1,NY,F
00077E7C58_S396_L002,enterotype__1,NY,F
00077E9690_S327_L001,enterotype__1,NY,M
00077E8239_S919_L003,enterotype__1,NY,M
00077E68AC_S413_L002,enterotype__1,MI,M
00077E99B0_S30_L001,enterotype__1,NY,F
00077E9A6C_S137_L001,enterotype__2,MI,M
00077E9559_S31_L001,enterotype__2,NY,F
00077E93CD_S1017_L003,enterotype__2,MI,M
00077E98A8_S141_L001,enterotype__1,NY,F
00077E9AAF_S345_L001,enterotype__1,NY,M
00077E9B2F_S401_L002,enterotype__1,MI,M
00077E7777_S1126_L003,enterotype__2,NY,F
00077E99FA_S953_L003,enterotype__2,MI,M
00077E9BA0_S658_L002,enterotype__2,NY,M
00077E844D_S252_L001,enterotype__1,MI,M
00077E9FAB_S1146_L003,enterotype__2,MI,M
00077E9BF1_S567_L002,enterotype__2,NY,M
00077E77EC_S1101_L003,enterotype__1,MI,F
00077E84E8_S935_L003,enterotype__1,MI,F
00077EA28B_S236_L001,enterotype__1,MI,F
00077E8185_S688_L002,enterotype__2,NY,M
00077EAF27_S579_L002,enterotype__1,MI,F
00077E8212_S379_L001,enterotype__2,NY,M
00077E9B41_S599_L002,enterotype__1,MI,M
00077E7614_S365_L001,enterotype__2,MI,M
00077E9448_S1138_L003,enterotype__1,NY,F
00077E929A_S1046_L003,enterotype__2,NY,M
00077EA930_S607_L002,enterotype__1,MI,M
00077EAAA4_S818_L003,enterotype__1,MI,M
00077E9BCF_S397_L002,enterotype__2,MI,F
00077E992B_S711_L002,enterotype__2,MI,M
00077E9866_S412_L002,enterotype__1,NY,F
00077E9979_S287_L001,enterotype__1,NY,F
00077E9537_S1134_L003,enterotype__2,MI,M
00077E9697_S317_L001,enterotype__1,NY,M
00077EA8D3_S218_L001,enterotype__2,MI,F
00077E9788_S1079_L003,enterotype__1,MI,F
00077E7B63_S125_L001,enterotype__2,NY,M
00077E9C21_S882_L003,enterotype__1,NY,M
00077E9A2B_S361_L001,enterotype__1,MI,M
00077E94EB_S522_L002,enterotype__2,MI,F
00077E79ED_S746_L002,enterotype__1,MI,F
00077E9A1F_S496_L002,enterotype__2,MI,M
00077EAC9E_S145_L001,enterotype__1,MI,F
00077E99C2_S444_L002,enterotype__2,MI,F
00077E96C5_S216_L001,enterotype__1,MI,M
00077EAB72_S537_L002,enterotype__2,MI,M
00077E901A_S890_L003,enterotype__2,MI,F
00077E7AF1_S1008_L003,enterotype__2,NY,F
00077E9B31_S667_L002,enterotype__1,NY,F
00077E9570_S737_L002,enterotype__1,MI,F
00077E95F1_S343_L001,enterotype__1,NY,M
00077E996E_S499_L002,enterotype__2,NY,M
00077E9497_S363_L001,enterotype__1,MI,F
00077E9B05_S1010_L003,enterotype__2,MI,F
00077E7B48_S348_L001,enterotype__1,NY,M
00077E7A9F_S749_L002,enterotype__2,MI,M
00077E7CDC_S326_L001,enterotype__2,NY,M
00077E7A23_S881_L003,enterotype__1,NY,M
00077E9AA5_S669_L002,enterotype__2,NY,M
00077E95B3_S410_L002,enterotype__2,MI,M
00077E9216_S971_L003,enterotype__1,NY,M
00077E7A5C_S157_L001,enterotype__2,NY,F
00077E9B81_S1035_L003,enterotype__1,NY,F
00077E9A97_S531_L002,enterotype__2,NY,M
00077E7D28_S215_L001,enterotype__2,MI,F
00077E82D0_S937_L003,enterotype__1,NY,F
00077E98E3_S510_L002,enterotype__2,MI,F
00077E845F_S886_L003,enterotype__2,MI,M
00077E7B22_S24_L001,enterotype__1,NY,F
00077E9C4C_S354_L001,enterotype__2,MI,M
00077E81ED_S1011_L003,enterotype__2,MI,F
00077E7CC3_S344_L001,enterotype__2,MI,F
00077E9BB8_S214_L001,enterotype__1,MI,F
00077E9A73_S536_L002,enterotype__1,NY,F
00077E82A3_S656_L002,enterotype__1,NY,M
00077E7CA2_S602_L002,enterotype__1,NY,M
00077E96B4_S633_L002,enterotype__2,NY,F
00077E9891_S240_L001,enterotype__2,MI,M
00077E7D08_S276_L001,enterotype__1,MI,F
00077E9AD4_S690_L002,enterotype__1,MI,M
00077E61FF_S250_L001,enterotype__1,MI,F
00077E7A61_S56_L001,enterotype__2,MI,F
00077E97F9_S167_L001,enterotype__2,MI,F
00077E756F_S698_L002,enterotype__2,MI,M
00077E7B54_S498_L002,enterotype__2,NY,F
00077E81B2_S43_L001,enterotype__1,MI,F
00077E9B7A_S674_L002,enterotype__1,MI,M
00077E9ABF_S675_L002,enterotype__1,MI,F
00077E9B2B_S393_L002,enterotype__2,NY,M
00077E98D0_S802_L003,enterotype__2,NY,F
00077E995C_S631_L002,enterotype__2,MI,M
00077E92F2_S1016_L003,enterotype__2,NY,F
00077E99D6_S222_L001,enterotype__1,MI,F
00077E84E5_S37_L001,enterotype__1,NY,M
00077E98D8_S680_L002,enterotype__1,MI,M
00077E7CBC_S227_L001,enterotype__2,MI,F
00077E9A40_S73_L001,enterotype__2,NY,F
00077E9818_S364_L001,enterotype__2,MI,F
00077E830E_S237_L001,enterotype__1,NY,M
00077E95EE_S431_L002,enterotype__2,MI,M
00077E979C_S323_L001,enterotype__2,NY,F
00077E833C_S515_L002,enterotype__1,MI,F
00077E9B1B_S535_L002,enterotype__1,NY,M
00077E994C_S621_L002,enterotype__2,NY,F
00077E7AB6_S876_L003,enterotype__2,NY,F
00077E81C2_S875_L003,enterotype__1,MI,M
00077E9A9D_S776_L003,enterotype__1,NY,M
00077E794B_S538_L002,enterotype__2,MI,M
00077E99C4_S394_L002,enterotype__1,NY,M
00077E81CD_S228_L001,enterotype__2,MI,M
00077E95B6_S335_L001,enterotype__1,NY,M
00077E661D_S706_L002,enterotype__2,MI,M
00077EA348_S279_L001,enterotype__1,MI,M
00077E842A_S254_L001,enterotype__1,MI,F
00077E7C95_S618_L002,enterotype__2,NY,F
00077E816B_S518_L002,enterotype__2,MI,M
00077E98FA_S129_L001,enterotype__2,NY,F
00077E8265_S120_L001,enterotype__2,NY,F
00077E9C4A_S565_L002,enterotype__2,NY,F
00077E78CD_S456_L002,enterotype__2,NY,M
00077E9C32_S603_L002,enterotype__1,MI,F
00077E8D06_S319_L001,enterotype__2,NY,M
00077E84EA_S212_L001,enterotype__2,NY,M
00077E8390_S45_L001,enterotype__1,NY,F
00077E8304_S127_L001,enterotype__2,NY,M
00077E788B_S477_L002,enterotype__1,MI,F
00077E7649_S290_L001,enterotype__1,NY,F
00077E9645_S1031_L003,enterotype__1,NY,F
00077E9C56_S329_L001,enterotype__1,MI,F
00077E9AA3_S395_L002,enterotype__2,NY,M
00077E999A_S303_L001,enterotype__2,NY,F
00077E952A_S299_L001,enterotype__2,MI,F
00077E8B31_S1014_L003,enterotype__2,NY,F
00077E8D70_S1082_L003,enterotype__2,NY,F
00077E98F9_S213_L001,enterotype__1,MI,M
00077E996F_S22_L001,enterotype__1,NY,M
00077E8289_S891_L003,enterotype__1,MI,F
00077E969B_S670_L002,enterotype__2,NY,M
00077E79BE_S632_L002,enterotype__2,MI,M
00077E7602_S714_L002,enterotype__1,MI,M
00077E7B8C_S938_L003,enterotype__1,NY,M
00077E9C49_S373_L001,enterotype__2,MI,F
00077E7B6A_S1129_L003,enterotype__2,NY,M
00077E8F40_S286_L001,enterotype__1,NY,M
00077E9647_S48_L001,enterotype__2,MI,F
00077E8E6C_S925_L003,enterotype__1,NY,M
00077E9743_S1121_L003,enterotype__1,NY,F
00077E918B_S1084_L003,enterotype__1,NY,M
00077E9C27_S75_L001,enterotype__1,MI,F
00077E9B4E_S169_L001,enterotype__2,NY,M
00077E9E4F_S609_L002,enterotype__2,MI,M
00077E8D3B_S205_L001,enterotype__2,MI,F
00077E9B47_S332_L001,enterotype__2,MI,F
00077E7B51_S981_L003,enterotype__1,MI,M
00077E9B8C_S728_L002,enterotype__1,MI,F
00077E8D5F_S451_L002,enterotype__1,MI,F
00077E9A47_S769_L003,enterotype__1,MI,F
00077E9AAC_S1085_L003,enterotype__1,MI,M
00077E9794_S427_L002,enterotype__2,NY,F
00077E98F7_S534_L002,enterotype__1,NY,M
00077E838D_S559_L002,enterotype__2,MI,F
00077E9893_S790_L003,enterotype__2,MI,M
00077E9D70_S930_L003,enterotype__2,NY,M
00077E9A21_S812_L003,enterotype__2,NY,M
00077E99D5_S704_L002,enterotype__2,NY,M
00077E790A_S243_L001,enterotype__1,MI,M
00077E7C8D_S1103_L003,enterotype__1,MI,M
00077E82F9_S1108_L003,enterotype__2,MI,M
00077E978A_S1067_L003,enterotype__1,NY,M
00077E9F8B_S355_L001,enterotype__1,MI,M
00077E89E5_S1001_L003,enterotype__2,NY,M
00077E996C_S8_L001,enterotype__2,NY,M
00077E7BBE_S87_L001,enterotype__2,NY,M
00077E76B2_S415_L002,enterotype__1,MI,M
00077E7ACF_S292_L001,enterotype__2,MI,M
00077E8426_S1076_L003,enterotype__2,NY,M
00077E9B68_S107_L001,enterotype__2,MI,M
00077E9640_S198_L001,enterotype__1,MI,M
00077E99A7_S639_L002,enterotype__1,NY,M
00077E9021_S681_L002,enterotype__2,NY,M
00077E94DD_S833_L003,enterotype__1,NY,F
00077E83B2_S204_L001,enterotype__1,MI,F
00077E991A_S649_L002,enterotype__1,NY,F
00077E9622_S987_L003,enterotype__2,NY,F
00077E94BB_S223_L001,enterotype__1,MI,F
00077E9B10_S540_L002,enterotype__1,MI,M
00077E95DE_S99_L001,enterotype__1,MI,F
00077E9607_S623_L002,enterotype__1,NY,F
00077E9B16_S617_L002,enterotype__1,NY,F
00077E8C96_S1000_L003,enterotype__1,MI,M
00077E99CB_S338_L001,enterotype__2,NY,F
00077E78A7_S369_L001,enterotype__2,MI,M
00077E9AF1_S12_L001,enterotype__1,MI,F
00077E930F_S1140_L003,enterotype__1,NY,F
00077E9A4D_S220_L001,enterotype__2,MI,M
00077E7AB7_S663_L002,enterotype__1,NY,F
00077E8214_S1059_L003,enterotype__2,MI,M
00077E7A10_S1005_L003,enterotype__1,NY,M
00077E9947_S72_L001,enterotype__1,NY,M
00077E981D_S300_L001,enterotype__1,MI,M
00077E9B66_S733_L002,enterotype__1,NY,M
00077E99D9_S273_L001,enterotype__2,NY,F
00077E7CD1_S1127_L003,enterotype__1,MI,M
00077E9B73_S420_L002,enterotype__1,NY,M
00077E9136_S140_L001,enterotype__2,NY,M
00077E9952_S751_L002,enterotype__1,MI,F
00077E9BC4_S1004_L003,enterotype__2,NY,F
00077E9884_S594_L002,enterotype__1,NY,F
00077EA20E_S929_L003,enterotype__2,MI,M
00077E82F2_S1143_L003,enterotype__1,MI,M
00077E9A8D_S80_L001,enterotype__2,NY,M
00077E8342_S1124_L003,enterotype__1,MI,M
00077E7A45_S619_L002,enterotype__2,NY,F
00077E8D87_S1065_L003,enterotype__2,NY,M
00077E7803_S1130_L003,enterotype__1,NY,M
00077E9DAA_S1070_L003,enterotype__1,MI,M
00077E7878_S231_L001,enterotype__1,MI,F
00077E967D_S1151_L003,enterotype__2,NY,F
00077E7CE6_S672_L002,enterotype__1,NY,M
00077E9A71_S1132_L003,enterotype__1,NY,M
00077E9BDF_S731_L002,enterotype__2,NY,M
00077E8246_S727_L002,enterotype__1,MI,F
00077E9A9E_S493_L002,enterotype__2,MI,F
00077E973B_S548_L002,enterotype__2,MI,F
00077E770C_S159_L001,enterotype__1,MI,F
00077E970C_S959_L003,enterotype__1,MI,F
00077E9099_S907_L003,enterotype__2,MI,F
00077E990F_S511_L002,enterotype__2,MI,M
00077E904C_S915_L003,enterotype__2,NY,M
00077E79B1_S616_L002,enterotype__1,MI,M
00077E77DB_S710_L002,enterotype__1,MI,M
00077E9B6D_S253_L001,enterotype__2,NY,F
00077E9C57_S239_L001,enterotype__2,MI,M
00077E90AD_S1128_L003,enterotype__1,MI,F
00077E8D58_S896_L003,enterotype__1,MI,F
00077EAF2D_S933_L003,enterotype__2,MI,M
00077E9900_S318_L001,enterotype__2,NY,M
00077E8FB1_S1141_L003,enterotype__2,NY,M
00077E9517_S324_L001,enterotype__1,MI,M
00077EA321_S144_L001,enterotype__1,MI,F
00077E9649_S470_L002,enterotype__2,MI,F
00077E7BAF_S988_L003,enterotype__1,NY,M
00077E97A1_S1049_L003,enterotype__1,MI,F
00077E9692_S256_L001,enterotype__2,NY,F
00077E7D16_S259_L001,enterotype__1,MI,M
00077E98C5_S954_L003,enterotype__2,MI,F
00077E7ADD_S437_L002,enterotype__1,MI,M
00077E99FF_S819_L003,enterotype__2,MI,M
00077E9971_S245_L001,enterotype__1,NY,M
00077E9F65_S492_L002,enterotype__2,MI,M
00077E9842_S405_L002,enterotype__1,MI,M
00077E9652_S597_L002,enterotype__1,MI,M
00077E9B27_S433_L002,enterotype__1,NY,M
00077E9A2D_S648_L002,enterotype__2,NY,F
00077E83A6_S288_L001,enterotype__2,NY,M
00077E84A8_S166_L001,enterotype__1,MI,F
00077E7CD0_S629_L002,enterotype__2,MI,F
00077E8D88_S115_L001,enterotype__2,MI,M
00077E9362_S251_L001,enterotype__2,MI,F
00077E7A15_S248_L001,enterotype__2,MI,M
00077E7BAB_S275_L001,enterotype__2,MI,M
00077E9937_S86_L001,enterotype__2,NY,M
00077E99AC_S678_L002,enterotype__1,MI,M
00077E9B7B_S18_L001,enterotype__2,NY,M
00077E9C06_S403_L002,enterotype__1,NY,M
00077E7B7D_S738_L002,enterotype__1,NY,M
00077E97B2_S1041_L003,enterotype__2,NY,M
00077E9A66_S732_L002,enterotype__1,NY,M
00077E7BA2_S337_L001,enterotype__1,NY,F
00077E8AE5_S991_L003,enterotype__1,MI,M
00077E7A97_S278_L001,enterotype__2,MI,M
00077E9234_S1089_L003,enterotype__1,MI,M
00077E9AE6_S834_L003,enterotype__1,NY,M
00077E838E_S443_L002,enterotype__1,MI,M
00077EA8CA_S370_L001,enterotype__2,MI,F
00077E78D5_S399_L002,enterotype__1,MI,F
00077E6695_S964_L003,enterotype__2,MI,F
00077E9521_S699_L002,enterotype__2,MI,F
00077E9015_S1071_L003,enterotype__2,MI,F
00077E98FB_S242_L001,enterotype__1,MI,F
00077E8E9B_S893_L003,enterotype__2,MI,F
00077E9B82_S195_L001,enterotype__2,NY,M
00077E97BD_S904_L003,enterotype__1,NY,F
00077E8B1F_S715_L002,enterotype__1,MI,F
00077E7B0A_S653_L002,enterotype__2,NY,M
00077E7628_S69_L001,enterotype__2,MI,M
00077E7AA2_S308_L001,enterotype__1,MI,F
00077E943C_S969_L003,enterotype__1,NY,M
00077E7B3F_S285_L001,enterotype__2,NY,M
00077E7995_S831_L003,enterotype__2,MI,F
00077E9C02_S504_L002,enterotype__1,NY,M
00077E9822_S994_L003,enterotype__1,MI,M
00077E6783_S823_L003,enterotype__2,MI,F
00077E8146_S474_L002,enterotype__2,MI,F
00077E8376_S581_L002,enterotype__1,MI,M
00077E9615_S362_L001,enterotype__2,MI,M
00077E7D25_S820_L003,enterotype__1,MI,F
00077E9BCC_S316_L001,enterotype__2,NY,F
00077E7B2B_S724_L002,enterotype__2,MI,M
00077E7A9C_S500_L002,enterotype__1,NY,M
00077E99B4_S7_L001,enterotype__2,NY,M
00077E9B8E_S438_L002,enterotype__2,MI,F
00077E9C29_S721_L002,enterotype__2,MI,M
00077E7B18_S289_L001,enterotype__2,NY,M
00077E819C_S1142_L003,enterotype__1,NY,M
00077E91E9_S1075_L003,enterotype__1,NY,M
00077E83B3_S736_L002,enterotype__2,NY,F
00077E9AB7_S814_L003,enterotype__2,MI,F
00077E7AFB_S232_L001,enterotype__1,MI,F
00077E93A0_S1148_L003,enterotype__1,MI,F
00077E97D5_S163_L001,enterotype__2,NY,M
00077E93D9_S992_L003,enterotype__1,MI,F
00077E934F_S927_L003,enterotype__1,NY,M
00077E9BD8_S729_L002,enterotype__1,NY,F
00077E7B8F_S123_L001,enterotype__2,MI,M
00077E9BDA_S652_L002,enterotype__2,NY,F
00077E9C25_S108_L001,enterotype__2,MI,F
00077E98C9_S340_L001,enterotype__1,NY,M
00077E9B97_S909_L003,enterotype__2,MI,F
00077E8E31_S598_L002,enterotype__1,MI,M
00077E9563_S775_L003,enterotype__1,NY,M
00077E8CE3_S307_L001,enterotype__1,MI,M
00077E8337_S905_L003,enterotype__2,MI,F
00077E7B5E_S726_L002,enterotype__1,MI,F
00077E7B21_S150_L001,enterotype__2,MI,M
00077E9AC3_S545_L002,enterotype__2,MI,M
00077E7AE5_S409_L002,enterotype__1,MI,F
00077E98E6_S1034_L003,enterotype__2,MI,M
00077E76B0_S98_L001,enterotype__2,MI,M
00077E9B2A_S435_L002,enterotype__2,NY,M
00077E9A36_S439_L002,enterotype__1,MI,M
00077E9B38_S230_L001,enterotype__2,MI,F
00077E9DFC_S974_L003,enterotype__1,MI,F
00077EA297_S638_L002,enterotype__1,MI,M
00077E825A_S464_L002,enterotype__1,NY,M
00077E8E05_S883_L003,enterotype__2,NY,F
00077E97BC_S685_L002,enterotype__2,NY,F
00077E9A81_S913_L003,enterotype__1,NY,M
00077E7B65_S402_L002,enterotype__1,MI,F
00077E992D_S770_L003,enterotype__2,MI,F
00077E97B9_S263_L001,enterotype__2,MI,F
00077E9AC2_S1131_L003,enterotype__1,NY,M
00077E9A09_S889_L003,enterotype__1,MI,F
00077E7B82_S546_L002,enterotype__2,MI,M
00077E9353_S998_L003,enterotype__1,MI,F
00077E8F7A_S1044_L003,enterotype__1,NY,M
00077E7C42_S702_L002,enterotype__2,NY,F
00077E9C63_S62_L001,enterotype__1,MI,M
00077E7B27_S436_L002,enterotype__2,MI,M
00077E7C4F_S118_L001,enterotype__2,NY,M
00077E7C80_S102_L001,enterotype__2,NY,F
00077E9617_S479_L002,enterotype__1,MI,M
00077E9A3E_S20_L001,enterotype__2,MI,M
00077E9A92_S301_L001,enterotype__2,MI,M
00077E79EC_S624_L002,enterotype__1,NY,F
00077E98CD_S13_L001,enterotype__2,MI,F
00077E97E4_S691_L002,enterotype__1,MI,F
00077E98CC_S1113_L003,enterotype__2,NY,F
00077E8E30_S79_L001,enterotype__1,NY,M
00077E7B8D_S955_L003,enterotype__2,MI,M
00077E8D74_S666_L002,enterotype__1,NY,M
00077E9ACB_S575_L002,enterotype__2,NY,F
00077E9EB8_S921_L003,enterotype__2,MI,F
00077E8D3F_S314_L001,enterotype__2,MI,M
00077E99FD_S986_L003,enterotype__2,NY,F
00077E9548_S341_L001,enterotype__2,NY,M
00077E8E18_S570_L002,enterotype__1,MI,F
00077E8217_S1094_L003,enterotype__1,MI,F
00077E8143_S246_L001,enterotype__2,MI,M
00077E92B0_S1050_L003,enterotype__2,MI,F
00077E82B6_S235_L001,enterotype__1,MI,F
00077E957B_S868_L003,enterotype__2,NY,M
00077E8197_S136_L001,enterotype__2,NY,M
00077EA168_S84_L001,enterotype__1,MI,F
00077E8E3A_S226_L001,enterotype__1,MI,F
00077E8133_S1018_L003,enterotype__1,MI,F
00077E7CA9_S705_L002,enterotype__2,MI,M
00077E8326_S936_L003,enterotype__1,NY,M
00077E845A_S942_L003,enterotype__1,MI,F
00077E8432_S51_L001,enterotype__2,MI,M
00077EA8B9_S580_L002,enterotype__1,MI,F
00077E9B34_S718_L002,enterotype__1,MI,M
00077E954F_S604_L002,enterotype__1,NY,M
00077E9349_S309_L001,enterotype__1,MI,M
00077E9BDE_S1080_L003,enterotype__2,MI,M
00077E9B37_S1003_L003,enterotype__2,NY,M
00077E839E_S450_L002,enterotype__2,MI,M
00077E99A9_S708_L002,enterotype__1,NY,M
00077E9C5B_S657_L002,enterotype__2,NY,M
00077E9547_S383_L001,enterotype__1,NY,M
00077EA19C_S280_L001,enterotype__1,MI,M
00077E8189_S712_L002,enterotype__2,MI,F
00077E9A9C_S1026_L003,enterotype__2,NY,M
00077E9945_S71_L001,enterotype__1,NY,M
00077E965C_S960_L003,enterotype__1,MI,F
00077E9A07_S985_L003,enterotype__2,NY,F
00077E9552_S822_L003,enterotype__2,MI,F
00077E949F_S1125_L003,enterotype__1,NY,F
00077E98D4_S1002_L003,enterotype__1,NY,M
00077E7D26_S192_L001,enterotype__1,NY,F
00077E998C_S835_L003,enterotype__1,NY,F
00077E77FF_S59_L001,enterotype__1,MI,M
00077EA1C3_S349_L001,enterotype__1,MI,F
00077E82C9_S866_L003,enterotype__2,NY,F
00077E9C66_S57_L001,enterotype__2,NY,F
00077E7B09_S404_L002,enterotype__2,NY,F
00077E9BFD_S331_L001,enterotype__2,MI,M
00077E7B4F_S816_L003,enterotype__2,MI,M
00077E8FC3_S1077_L003,enterotype__1,NY,M
00077E847A_S283_L001,enterotype__1,MI,F
00077E983E_S740_L002,enterotype__1,MI,F
00077E8CE8_S640_L002,enterotype__1,MI,F
00077E7BEB_S1074_L003,enterotype__1,MI,F
00077E9BCA_S566_L002,enterotype__2,NY,F
00077E9ED8_S976_L003,enterotype__1,MI,M
00077E9B4A_S353_L001,enterotype__2,MI,F
00077E8248_S892_L003,enterotype__1,MI,F
00077E9978_S114_L001,enterotype__2,MI,F
00077EA664_S1088_L003,enterotype__2,MI,M
00077E9A0E_S1136_L003,enterotype__2,MI,M
00077E797F_S174_L001,enterotype__2,NY,F
00077E7C50_S582_L002,enterotype__2,MI,M
00077E96EE_S255_L001,enterotype__2,MI,F
00077E9B24_S572_L002,enterotype__2,MI,F
00077E7D13_S827_L003,enterotype__2,MI,M
00077E9A8F_S419_L002,enterotype__2,NY,M
00077E7A59_S68_L001,enterotype__2,MI,M
00077E7C27_S668_L002,enterotype__2,NY,M
00077EA2D8_S647_L002,enterotype__2,MI,F
00077E94FC_S258_L001,enterotype__2,MI,M
00077E9398_S980_L003,enterotype__1,NY,M
00077E83D6_S1019_L003,enterotype__2,MI,F
00077E7C9B_S199_L001,enterotype__2,MI,F
00077E8E82_S975_L003,enterotype__2,MI,M
00077E7CE3_S870_L003,enterotype__1,MI,F
00077E9531_S692_L002,enterotype__1,MI,F
00077E9A3F_S434_L002,enterotype__2,NY,F
00077E8EE2_S330_L001,enterotype__2,MI,M
00077E9A37_S1027_L003,enterotype__1,NY,M
00077E9A48_S2_L001,enterotype__2,NY,M
00077E9A80_S241_L001,enterotype__2,NY,M
00077E9D48_S1137_L003,enterotype__2,NY,F
00077E7C0D_S26_L001,enterotype__2,NY,M
00077E7C82_S161_L001,enterotype__1,MI,M
00077E9980_S837_L003,enterotype__1,NY,M
00077E9797_S554_L002,enterotype__1,MI,M
00077E7B97_S501_L002,enterotype__2,NY,F
00077E994F_S371_L001,enterotype__1,NY,F
00077E7719_S873_L003,enterotype__2,MI,M
00077E7C2E_S121_L001,enterotype__2,NY,M
00077E79BB_S201_L001,enterotype__2,MI,M
00077E9726_S1_L001,enterotype__2,MI,M
00077E91F5_S1106_L003,enterotype__2,MI,M
00077E7AF2_S660_L002,enterotype__1,NY,F
00077EAA4F_S311_L001,enterotype__1,MI,M
00077E8469_S867_L003,enterotype__2,NY,M
00077E8119_S1061_L003,enterotype__2,MI,F
00077E7B3B_S610_L002,enterotype__1,MI,M
00077E7BF7_S284_L001,enterotype__1,NY,F
00077E9C07_S526_L002,enterotype__2,MI,M
00077E9C31_S1007_L003,enterotype__2,NY,F
00077E9BAB_S196_L001,enterotype__2,NY,M
00077E8EE3_S973_L003,enterotype__2,MI,F
00077E7A09_S813_L003,enterotype__2,MI,M
00077E7BCC_S426_L002,enterotype__2,NY,M
00077E7B33_S673_L002,enterotype__1,MI,M
00077E9BDD_S630_L002,enterotype__2,MI,F
00077E9AE1_S920_L003,enterotype__1,NY,F
00077E9A25_S342_L001,enterotype__2,NY,M
00077EAB68_S646_L002,enterotype__2,MI,M
00077E9761_S282_L001,enterotype__2,NY,M
00077E7983_S1036_L003,enterotype__1,MI,F
00077E7750_S173_L001,enterotype__2,MI,M
00077E9F59_S1120_L003,enterotype__1,MI,F
00077E9933_S869_L003,enterotype__1,MI,M
00077E9BA4_S339_L001,enterotype__2,NY,F
00077E7AD5_S425_L002,enterotype__2,NY,M
00077E79DE_S368_L001,enterotype__1,MI,F
00077E84C9_S1110_L003,enterotype__2,NY,F
00077E819A_S879_L003,enterotype__2,NY,M
00077E8EE7_S466_L002,enterotype__1,NY,M
00077EA69E_S600_L002,enterotype__2,MI,M
00077EA316_S720_L002,enterotype__2,MI,F
00077E9429_S1024_L003,enterotype__2,MI,F
00077E9C00_S113_L001,enterotype__2,NY,F
00077E7B4E_S707_L002,enterotype__2,MI,F
00077E9B3A_S696_L002,enterotype__2,MI,F
00077E8EB3_S191_L001,enterotype__2,NY,F
00077E835C_S917_L003,enterotype__1,NY,M
00077E9AC4_S1119_L003,enterotype__1,NY,F
00077E9C43_S910_L003,enterotype__1,MI,M
00077E9A74_S23_L001,enterotype__1,NY,F
00077E7CD9_S202_L001,enterotype__1,MI,M
00077E833F_S472_L002,enterotype__1,MI,F
00077E9D0C_S970_L003,enterotype__1,NY,M
00077E980F_S416_L002,enterotype__1,NY,M
00077E9E43_S1051_L003,enterotype__2,MI,F
00077E7D1E_S1081_L003,enterotype__1,MI,F
00077E9133_S934_L003,enterotype__1,NY,F
00077E9AA7_S626_L002,enterotype__1,MI,F
00077E7C5B_S1009_L003,enterotype__1,MI,M
00077E9892_S529_L002,enterotype__1,NY,F
00077E9AED_S27_L001,enterotype__1,MI,F
00077E9D1D_S1068_L003,enterotype__1,NY,F
00077E783B_S665_L002,enterotype__1,NY,M
00077E91A1_S895_L003,enterotype__2,MI,F
00077E97DC_S1066_L003,enterotype__1,NY,F
00077E7703_S551_L002,enterotype__2,MI,F
00077E846F_S888_L003,enterotype__1,MI,F
00077E82F0_S262_L001,enterotype__2,MI,M
00077E94BD_S1029_L003,enterotype__1,MI,F
00077E7713_S461_L002,enterotype__2,MI,M
00077E957A_S725_L002,enterotype__2,MI,M
00077E7C26_S298_L001,enterotype__1,NY,F
00077E9AA1_S662_L002,enterotype__2,NY,F
00077E7587_S512_L002,enterotype__2,MI,M
00077E8D72_S306_L001,enterotype__2,NY,M
00077E782C_S460_L002,enterotype__2,NY,F
00077E9A1E_S701_L002,enterotype__1,NY,F
00077E9CBA_S902_L003,enterotype__1,NY,F
00077E95BC_S1139_L003,enterotype__1,NY,F
00077E99E8_S4_L001,enterotype__2,MI,M
00077E9A32_S694_L002,enterotype__1,MI,F
00077E8CE0_S1149_L003,enterotype__2,NY,F
00077E98E7_S809_L003,enterotype__2,NY,M
00077E8DC2_S83_L001,enterotype__2,MI,M
00077E7B02_S830_L003,enterotype__2,MI,F
00077E98A0_S350_L001,enterotype__1,MI,M
00077E933C_S1073_L003,enterotype__2,NY,M
00077E7A9B_S176_L001,enterotype__2,NY,M
00077E78B3_S899_L003,enterotype__1,MI,M
00077E7C43_S411_L002,enterotype__2,NY,F
00077E81A5_S1096_L003,enterotype__1,MI,F
00077E99BF_S918_L003,enterotype__1,NY,M
00077E9EB4_S490_L002,enterotype__2,MI,M
00077E8FCC_S1152_L003,enterotype__2,NY,M
00077E97B1_S374_L001,enterotype__1,MI,F
00077E9AD1_S735_L002,enterotype__2,NY,F
00077E847F_S294_L001,enterotype__1,NY,M
00077EAB48_S217_L001,enterotype__1,MI,M
00077E83D7_S295_L001,enterotype__2,MI,F
00077E9A9B_S398_L002,enterotype__2,NY,F
00077E8463_S1090_L003,enterotype__1,MI,M
00077E8FB9_S897_L003,enterotype__1,NY,M
00077E849B_S1038_L003,enterotype__1,NY,M
00077E9B0F_S82_L001,enterotype__1,MI,M
00077E772F_S1087_L003,enterotype__1,NY,M
00077E988A_S495_L002,enterotype__2,MI,F
00077E99D7_S779_L003,enterotype__1,MI,M
00077E9907_S346_L001,enterotype__2,NY,F
00077E94F8_S376_L001,enterotype__1,NY,M
00077E9988_S620_L002,enterotype__1,NY,M
00077E988B_S70_L001,enterotype__1,NY,F
00077EAAAF_S489_L002,enterotype__2,MI,M
00077E9C13_S390_L002,enterotype__2,MI,F
00077E95CC_S312_L001,enterotype__1,MI,M
00077EAC63_S297_L001,enterotype__2,MI,F
00077E8C7C_S968_L003,enterotype__2,NY,F
00077E9AFF_S687_L002,enterotype__1,NY,M
00077E7C54_S15_L001,enterotype__2,NY,F
00077EACF1_S1057_L003,enterotype__1,MI,M
00077E9AB6_S16_L001,enterotype__2,NY,M
00077E9B0D_S871_L003,enterotype__2,MI,M
00077E9A94_S380_L001,enterotype__2,NY,M
00077E7C1E_S622_L002,enterotype__1,NY,M
00077E7714_S1112_L003,enterotype__2,NY,F
00077E9DA4_S900_L003,enterotype__1,NY,F
00077E9529_S465_L002,enterotype__2,NY,F
00077E8DE3_S247_L001,enterotype__1,MI,M
00077E94D3_S644_L002,enterotype__1,MI,M
00077E99AE_S88_L001,enterotype__2,NY,M
00077EA9D2_S606_L002,enterotype__1,MI,F
00077E7CA8_S1078_L003,enterotype__1,MI,F
00077E9C19_S815_L003,enterotype__2,MI,F
00077E7CA7_S614_L002,enterotype__1,MI,M
00077E9A8A_S302_L001,enterotype__1,MI,F
00077E84CC_S138_L001,enterotype__2,NY,F
00077E9A5E_S752_L002,enterotype__1,MI,F
00077E7954_S671_L002,enterotype__1,NY,F
00077E98BE_S194_L001,enterotype__2,NY,M
00077E992F_S225_L001,enterotype__1,NY,M
00077E9253_S40_L001,enterotype__2,MI,M
00077E9745_S514_L002,enterotype__2,MI,F
00077E98B0_S553_L002,enterotype__2,MI,F
00077E94CE_S221_L001,enterotype__1,MI,M
00077E932B_S894_L003,enterotype__2,MI,M
00077E7B9C_S774_L003,enterotype__2,NY,F
00077E91E1_S1021_L003,enterotype__1,MI,M
00077E9C05_S1039_L003,enterotype__1,NY,F
00077E98F8_S914_L003,enterotype__1,NY,F
00077E8DCB_S872_L003,enterotype__2,MI,M
00077E938E_S1145_L003,enterotype__2,MI,M
00077E9500_S224_L001,enterotype__2,MI,M
00077E9ABC_S898_L003,enterotype__1,NY,F
00077E965A_S143_L001,enterotype__2,MI,M
00077E99E1_S5_L001,enterotype__2,MI,M
00077E91B7_S996_L003,enterotype__2,MI,F
00077E83B0_S101_L001,enterotype__2,MI,F
00077E82A5_S1102_L003,enterotype__1,MI,F
00077E9B3E_S428_L002,enterotype__1,NY,M
00077E99F3_S210_L001,enterotype__1,NY,M
00077E64B3_S922_L003,enterotype__1,MI,F
00077EACCC_S785_L003,enterotype__2,MI,M
00077E97CE_S110_L001,enterotype__2,NY,F
00077E9C33_S543_L002,enterotype__2,NY,F
00077E9AF0_S207_L001,enterotype__2,MI,M
00077E7BD4_S234_L001,enterotype__2,MI,F
00077E9C2F_S406_L002,enterotype__2,NY,F
00077E77E1_S877_L003,enterotype__1,NY,M
00077E91FC_S1098_L003,enterotype__1,NY,M
00077E9CC9_S1117_L003,enterotype__1,NY,F
00077E7A17_S209_L001,enterotype__2,NY,M
00077E66C2_S1045_L003,enterotype__1,MI,M
00077E9BBB_S664_L002,enterotype__2,NY,M
00077E9AB1_S109_L001,enterotype__2,NY,F
00077E91D9_S943_L003,enterotype__2,MI,F
00077E9B21_S903_L003,enterotype__2,MI,F
00077E8D9E_S452_L002,enterotype__2,MI,F
00077E9895_S382_L001,enterotype__2,NY,F
00077E9898_S697_L002,enterotype__1,MI,M
00077E7A00_S520_L002,enterotype__2,MI,F
00077E989C_S884_L003,enterotype__1,NY,M
00077E8DFD_S789_L003,enterotype__1,MI,M
00077E8166_S476_L002,enterotype__1,MI,F
00077E82CF_S1133_L003,enterotype__1,MI,F
00077E7BB4_S422_L002,enterotype__1,NY,F
00077E7C73_S916_L003,enterotype__2,NY,M
00077E7AE7_S261_L001,enterotype__1,NY,F
00077E83F3_S557_L002,enterotype__1,MI,M
00077E8B63_S1097_L003,enterotype__1,NY,M
00077E84A9_S1086_L003,enterotype__2,NY,M
00077E83E3_S171_L001,enterotype__2,MI,M
00077E8FF2_S36_L001,enterotype__2,MI,M
00077E984C_S804_L003,enterotype__1,NY,F
00077E90CF_S958_L003,enterotype__2,MI,F
00077E8B8F_S1109_L003,enterotype__2,NY,F
00077E8CE7_S424_L002,enterotype__2,NY,F
00077E830A_S1037_L003,enterotype__2,NY,M
00077EA320_S744_L002,enterotype__1,MI,M
00077E93B6_S1013_L003,enterotype__2,NY,F
00077E9A84_S467_L002,enterotype__2,NY,F
00077E79CE_S372_L001,enterotype__2,NY,F
00077E94FB_S407_L002,enterotype__1,NY,M
00077EA67E_S911_L003,enterotype__1,MI,M
00077E7986_S564_L002,enterotype__2,NY,F
00077E84C5_S112_L001,enterotype__1,NY,F
00077E9B6B_S686_L002,enterotype__1,NY,M
00077E9ABD_S717_L002,enterotype__1,NY,M
00077E8ED4_S356_L001,enterotype__1,MI,F
00077E8E04_S211_L001,enterotype__2,NY,F
00077E9BFF_S384_L001,enterotype__2,NY,F
00077E9A26_S1028_L003,enterotype__2,NY,F
00077E9BBF_S377_L001,enterotype__2,NY,M
00077E9930_S39_L001,enterotype__1,MI,F
00077E7582_S378_L001,enterotype__2,NY,F
00077E75BA_S54_L001,enterotype__2,MI,F
00077E9AF3_S34_L001,enterotype__2,MI,F
00077E999C_S1033_L003,enterotype__1,MI,F
00077E9D73_S367_L001,enterotype__2,MI,F
00077E9B7D_S912_L003,enterotype__1,MI,M
00077E9B8F_S116_L001,enterotype__2,MI,M
00077E98EC_S509_L002,enterotype__2,MI,F
00077E7CCE_S328_L001,enterotype__2,NY,M
00077E94B1_S703_L002,enterotype__1,NY,M
00077E9BF0_S146_L001,enterotype__1,NY,M
00077E81E0_S1114_L003,enterotype__1,NY,M
00077E8DA6_S296_L001,enterotype__2,NY,F
00077E9635_S635_L002,enterotype__1,MI,F
00077E9C41_S730_L002,enterotype__2,NY,F
00077EA423_S1025_L003,enterotype__1,MI,M
00077E83CF_S906_L003,enterotype__2,MI,M
00077E9A7F_S388_L002,enterotype__2,MI,F
00077E7AAF_S1043_L003,enterotype__2,MI,F
00077EA148_S458_L002,enterotype__1,MI,F
00077E7CA3_S244_L001,enterotype__2,MI,M
00077E7CE0_S747_L002,enterotype__2,NY,M
00077E8D8A_S527_L002,enterotype__2,MI,M
00077E94B2_S901_L003,enterotype__1,NY,M
00077E99B1_S562_L002,enterotype__2,NY,M
00077E7A2E_S556_L002,enterotype__2,MI,M
00077E9965_S659_L002,enterotype__1,NY,M
00077E9619_S1111_L003,enterotype__2,NY,F
00077E813A_S1042_L003,enterotype__1,MI,F
00077E7811_S983_L003,enterotype__2,MI,F
00077E8E7B_S997_L003,enterotype__1,MI,F
00077E99E0_S578_L002,enterotype__2,MI,F
00077E96DF_S414_L002,enterotype__1,MI,F
00077E98E4_S229_L001,enterotype__1,NY,F
00077E950F_S655_L002,enterotype__2,NY,F
00077E83DB_S469_L002,enterotype__2,MI,M
00077E7A7B_S149_L001,enterotype__2,NY,F
00077E9D79_S1099_L003,enterotype__1,NY,M
00077E998F_S1032_L003,enterotype__2,NY,M
00077E7C66_S807_L003,enterotype__2,NY,F
00077E967C_S417_L002,enterotype__2,NY,M
00077E7AE4_S682_L002,enterotype__2,NY,M
00077E841C_S281_L001,enterotype__2,MI,M
00077E9B9A_S1095_L003,enterotype__1,MI,M
00077E94A5_S650_L002,enterotype__1,NY,F
00077E8CFA_S507_L002,enterotype__1,NY,M
00077E9C74_S1150_L003,enterotype__1,NY,M
00077E993D_S583_L002,enterotype__2,MI,F
00077E9A63_S41_L001,enterotype__2,NY,F
00077E98E9_S676_L002,enterotype__1,MI,M
00077E9A75_S683_L002,enterotype__1,NY,F
00077E8320_S475_L002,enterotype__1,MI,F
00077E8332_S1122_L003,enterotype__1,NY,F
00077E84A1_S291_L001,enterotype__1,NY,M
00077E9B5D_S81_L001,enterotype__2,NY,M
00077E78CA_S238_L001,enterotype__2,MI,M
00077E999B_S186_L001,enterotype__2,MI,M
00077E7CBA_S593_L002,enterotype__2,MI,M
00077E95C9_S742_L002,enterotype__1,MI,M
00077E7BD6_S441_L002,enterotype__1,MI,F
00077E9019_S421_L002,enterotype__1,NY,M
00077E66CC_S642_L002,enterotype__1,MI,M
00077E9584_S33_L001,enterotype__1,NY,F
00077EAC98_S274_L001,enterotype__2,MI,F
00077E9E97_S993_L003,enterotype__2,MI,F
00077E7C03_S197_L001,enterotype__2,MI,F
00077E9915_S315_L001,enterotype__1,NY,F
00077E9AC8_S333_L001,enterotype__2,MI,M
00077E7B37_S208_L001,enterotype__1,MI,F
00077E8442_S634_L002,enterotype__2,NY,F
00077E9BB1_S132_L001,enterotype__2,MI,M
00077E8330_S408_L002,enterotype__2,MI,M
00077E61E1_S689_L002,enterotype__1,MI,M
00077E82B9_S750_L002,enterotype__1,MI,F
00077E8DD7_S351_L001,enterotype__1,MI,M
00077E98AC_S293_L001,enterotype__1,NY,F
00077E7664_S423_L002,enterotype__2,NY,M
00077E827C_S977_L003,enterotype__2,NY,F
00077EA41C_S516_L002,enterotype__1,MI,F
00077E7C11_S654_L002,enterotype__2,NY,M
00077E6957_S304_L001,enterotype__2,MI,F
00077E848B_S457_L002,enterotype__1,MI,M
00077E94CD_S480_L002,enterotype__1,MI,F
00077E9829_S533_L002,enterotype__2,NY,F
00077E7CF2_S810_L003,enterotype__2,NY,F
00077EA8AE_S513_L002,enterotype__1,MI,F
00077E980C_S940_L003,enterotype__1,NY,F
00077E9A6A_S926_L003,enterotype__1,MI,F
00077E6728_S366_L001,enterotype__1,MI,F
00077EAA6B_S352_L001,enterotype__1,MI,M
00077E82C8_S429_L002,enterotype__1,MI,M
00077E98DB_S778_L003,enterotype__2,MI,F
00077E7B13_S325_L001,enterotype__2,NY,F
00077E76EE_S928_L003,enterotype__1,NY,M
00077E8151_S1020_L003,enterotype__2,MI,F
00077E9887_S200_L001,enterotype__2,MI,M
00077E99F9_S772_L003,enterotype__1,MI,F
00077E7AB9_S612_L002,enterotype__1,MI,M
00077E94FD_S264_L001,enterotype__1,MI,F
00077E8293_S641_L002,enterotype__1,MI,F
00077E9A0C_S233_L001,enterotype__1,NY,F
00077E7A83_S462_L002,enterotype__1,MI,M
00077E8479_S880_L003,enterotype__2,NY,M
00077E9F03_S979_L003,enterotype__1,NY,M
00077E8160_S643_L002,enterotype__2,MI,M
00077E82BD_S432_L002,enterotype__1,MI,M
00077E9597_S651_L002,enterotype__1,NY,M
00077E969C_S453_L002,enterotype__2,NY,F
00077E9BEA_S524_L002,enterotype__1,MI,M
00077E9843_S375_L001,enterotype__2,NY,M
00077E9536_S32_L001,enterotype__1,NY,M
00077E9518_S313_L001,enterotype__1,MI,F
00077E9C1B_S908_L003,enterotype__1,MI,M
00077E9B86_S1104_L003,enterotype__2,MI,F
00077E955E_S957_L003,enterotype__2,MI,M
00077E7C92_S124_L001,enterotype__1,MI,M
00077E92A4_S865_L003,enterotype__2,NY,F
00077E9375_S1015_L003,enterotype__1,NY,F
00077E98CB_S10_L001,enterotype__2,NY,F
00077E9905_S637_L002,enterotype__2,NY,F
00077E7C47_S389_L002,enterotype__1,MI,F
00077E9A0A_S965_L003,enterotype__1,MI,M
00077E8226_S967_L003,enterotype__2,NY,F
00077E7AEE_S257_L001,enterotype__2,NY,F
00077E976C_S1047_L003,enterotype__2,NY,F
00077E814D_S982_L003,enterotype__1,MI,M
00077E9598_S1118_L003,enterotype__2,NY,F
00077E9916_S334_L001,enterotype__2,MI,M
00077E7741_S189_L001,enterotype__2,MI,M
00077E974D_S260_L001,enterotype__1,MI,F
00077E7C9F_S203_L001,enterotype__2,MI,M
00077E9B89_S1135_L003,enterotype__1,MI,F
00077EAB4B_S941_L003,enterotype__1,MI,M
00077E98C2_S50_L001,enterotype__2,MI,F
00077E9808_S1072_L003,enterotype__2,MI,M
00077E78BD_S874_L003,enterotype__2,MI,F
00077E764E_S719_L002,enterotype__2,MI,F
00077E9795_S542_L002,enterotype__2,NY,F
00077E82FE_S473_L002,enterotype__2,MI,F
00077E9850_S1107_L003,enterotype__2,MI,M
00077E991F_S320_L001,enterotype__1,NY,M
00077E7D06_S449_L002,enterotype__1,MI,F
00077E9AC7_S608_L002,enterotype__1,MI,F
00077E9923_S321_L001,enterotype__1,MI,F
00077E9C60_S336_L001,enterotype__2,MI,F
00077E83EC_S1012_L003,enterotype__1,MI,F
